id,info_title,info_description,info_termsOfService,info_contact_name,info_contact_url,info_contact_email,info_license_name,info_license_url,info_x-website,info_x-logo_url,info_x-logo_background,info_x-apiClientRegistration_url,info_x-pricing_type,info_x-pricing_url,externalDocs_description,externalDocs_url
audiosear.ch,Audiosear.ch API,"The Audiosear.ch API requires OAuth, which you can manage at <a href='/oauth/applications'>OAuth Applications</a>.<br/>API SDK clients available in <a href='https://github.com/popuparchive/audiosearch-client-python' target='_blank'>Python</a>, <a href='https://github.com/popuparchive/audiosearch-client-ruby' target='_blank'>Ruby</a>, <a href='https://github.com/popuparchive/audiosearch-client-php' target='_blank'>PHP</a>, and <a href='https://github.com/popuparchive/audiosearch-client-node' target='_blank'>Node</a>.<br/>Read the <a href='https://github.com/popuparchive/audiosearch-cookbook/wiki'>API Cookbook</a> for easy copy-and-paste recipes.",https://www.auidosear.ch/terms_of_use,Audiosear.ch,,info@audiosear.ch,,,,,,,,,,
backupify.com,Backupify,"The Backupify API allows you to integrate the leading SaaS backup solution into your software, making it easy to give your customers the data protection they need. ",,,,,,,,https://www.backupify.com/sites/all/themes/backupify/images/Datto_BFY_RGB_2.png,,,,,,
beanstream.com,Beanstream Payments API,https://www.beanstream.com/api/v1,,,,,,,,http://46k5aj426sp830ztvffig15w.wpengine.netdna-cdn.com/wp-content/uploads/2015/08/Beanstream-logo.png,,,,,,
bikewise.org,BikeWise API v2,"<p>This is an API for accessing information about bicycling related incidents. You can find the source code on <a href=""https://github.com/bikeindex/bikewise"">GitHub</a>.</p>
",,,,support@bikeindex.org,,,,,,,,,,
blackberry.com,BlackBerry IoT Platform REST API,,,,,,,,,,,,,,,
cambase.io,Cambase.io,"Cambase.io is a project by Evercam.io in order to make it easier for software developers to have a reliable, up to date source of model hardware information available via a public API.",,,,,,,,http://cdn.cambase.io/assets/logo-f1bffbb8eea6139bc4acfec3b9f2f91b.jpg,,,,,,
citrixonline.com:gotoassistseeit,GoToAssist Seeit API,<p>Allows you to integrate GoToAssist Seeit into your own solutions.</p>,,,,,,,,https://developer.citrixonline.com/sites/all/themes/citrix_responsive/logo.png,,,,,,https://developer.citrixonline.com/
citrixonline.com:gotomeeting,GoToMeeting REST API,"<br />The Citrix GoToMeeting API provides seamless integration of GoToMeeting provisioning and meeting management into your existing infrastructure or third party applications.<br /><br />For customers, the ability to add, suspend or delete an organizer in your GoToMeeting Corporate account from within your primary management systems simplifies and streamlines the entire process of account management. The ability to monitor meeting schedules, history and active meeting status allows managers to leverage GoToMeeting activities through your primary applications.<br /><br />For third parties, the ability to create, update or delete a meeting from within your application makes real-time collaboration possible for your customers. The ability to update meeting schedules, view history and scheduled meetings, and view attendees from past meetings allows you to enhance your users' experience and the value of your applications.",https://developer.citrixonline.com/terms-use,Developer Support,https://developer.citrixonline.com,developer-support@citrixonline.com,,,,https://developer.citrixonline.com/sites/all/themes/citrix_responsive/logo.png,,,,,,https://developer.citrixonline.com/
citrixonline.com:gototraining,GoToTraining REST API,"The Citrix GoToTraining API enables developers to use the stable and robust GoToTraining functionality as the basis for online trainings in a proprietary learning management system. The GoToTraining APIs provide the ability to access the scheduling, registration, management, and reporting functions of GoToTraining from external applications. With the ability to tightly integrate GoToTraining into your learning infrastructure, you can offer your learners a seamless user experience and provide them with a market leading virtual classroom environment.",https://developer.citrixonline.com/terms-use,Developer Support,https://developer.citrixonline.com,developer-support@citrixonline.com,,,,https://developer.citrixonline.com/sites/all/themes/citrix_responsive/logo.png,,,,,,https://developer.citrixonline.com/
citrixonline.com:gotowebinar,GoToWebinar REST API,"The Citrix GoToWebinar API provides seamless integration of webinar registrant and attendee data into your existing infrastructure or third-party applications. The ability to register participants, as well as pull lists of registrants and attendees for a webinar, allows organizers to manage the flow of information between their primary applications without manual intervention.",https://developer.citrixonline.com/terms-use,Developer Support,https://developer.citrixonline.com,developer-support@citrixonline.com,,,,https://developer.citrixonline.com/sites/all/themes/citrix_responsive/logo.png,,,,,,https://developer.citrixonline.com/
citrixonline.com:scim,SCIM API,"The SCIM API lets you manage users in your Citrix organization. You can then automate the provisioning of product licenses for these users, and they can use your company's Single Sign-On solution through an Identity Provider.",https://developer.citrixonline.com/terms-use,Developer Support,https://developer.citrixonline.com,developer-support@citrixonline.com,,,,https://developer.citrixonline.com/sites/all/themes/citrix_responsive/logo.png,,,,,,https://developer.citrixonline.com/
citycontext.com,City Context,"City Context provides a straightforward API to access UK Open Data: crime statistics, schools, demographics and more.",,,,,,,,,,,,,,
clarify.io,Clarify,The API to Search and Understand Audio & Video Data.,,,,,,,,http://clarify.io/wp-content/themes/clarify/images/clarify-logo.png,,,,,,
clickmeter.com,ClickMeter API,Api dashboard for ClickMeter API,,Api Support,http://www.clickmeter.com/api,api@clickmeter.com,,,,https://s3.amazonaws.com/clickmeter.com/Web/static/cmlogo.svg,,,,,,
core.ac.uk,CORE API v2 (beta),"<p style=""text-align: justify;"">This is a documentation for CORE API v2.0. The CORE API is the programming 
    interface to <a href=""http://core-project.kmi.open.ac.uk/"">CORE</a>. You can use the API to access the 
    resources harvested and enriched by CORE. The API described here is currently in beta. If you 
    encounter any problems with the API, please report them to us.</p>

<h2>Overview</h2>
<p style=""text-align: justify;"">The API is organised by resource type. The resources are <b>articles</b>, 
    <b>journals</b> and <b>repositories</b> and are represented using JSON data format. Furthermore, 
    each resource has a list of methods. The API also provides two global methods for accessing all resources at once.</p>

<h2>Response format</h2>
<p style=""text-align: justify;"">Response for each query contains two fields: <b>status</b> and <b>data</b>.
    In case of an error status, the data field is empty. The data field contains a single object
    in case the request is for a specific identifier (e.g. CORE ID, CORE repository ID, etc.), or  
    contains a list of objects, for example for search queries. In case of batch requests, the response
    is an array of objects, each of which contains its own <b>status</b> and <b>data</b> fields.
    For search queries the response contains an additional field <b>totalHits</b>, which is the 
    total number of items which match the search criteria.</p>

<h2>Search query syntax</h2>

<p style=""text-align: justify"">All of the API search methods allow using complex search queries.
    The query can be a simple string or it can be built using terms and operators described in Elasticsearch
    <a href=""http://www.elastic.co/guide/en/elasticsearch/reference/1.4/query-dsl-query-string-query.html#query-string-syntax"">documentation</a>.
    The usable field names are <strong>title</strong>, <strong>description</strong>, <strong>fullText</strong>, 
    <strong>authorsString</strong>, <strong>publisher</strong>, <strong>repositoryIds</strong>, <strong>doi</strong>,
    <strong>identifiers</strong> (which is a list of article identifiers including OAI, URL, etc.), <strong>language.name</strong> 
    and <strong>year</strong>. Some example queries:
</p>

<ul style=""margin-left: 30px;"">
    <li><p>title:psychology and language.name:English</p></li>
    <li><p>repositoryIds:86 AND year:2014</p></li>
    <li><p>identifiers:""oai:aura.abdn.ac.uk:2164/3837"" OR identifiers:""oai:aura.abdn.ac.uk:2164/3843""</p></li>
    <li><p>doi:""10.1186/1471-2458-6-309""</p></li>
</ul>

<h2>Sort order</h2>

<p style=""text-align: justify;"">For search queries, the results are ordered by relevance score. For batch 
    requests, the results are retrieved in the order of the requests.</p>

<h2>Parameters</h2>
<p style=""text-align: justify;"">The API methods allow different parameters to be passed. Additionally, there is an API key parameter which is common to all API methods. For all API methods 
    the API key can be provided either as a query parameter or in the request header. If the API key 
    is not provided, the API will return HTTP 401 error. You can register for an API key <a href=""/intro/api"">here</a>.</p>

<h2>API methods</h2>
",,,,,,,,http://core.ac.uk/images/CORE-logo-sm.png,,,,,,
cybertaxonomy.eu,EU BON UTIS,The Unified Taxonomic Information Service (UTIS) is the taxonomic backbone for the EU-BON project,https://www.biodiversitycatalogue.org/services/79,,,EditSupport@bgbm.org,Mozilla Public License 2.0,http://www.mozilla.org/MPL/2.0/,,http://cybertaxonomy.eu/sites/all/themes/summertime_cdm/images/cdm-platform-header_2.jpg,,,,,,
datumbox.com,DatumBox,"Datumbox offers a Machine Learning platform composed of 14 classifiers and Natural Language processing functions. Functions include sentiment analysis, topic classification, readability assessment, language detection, and much more.",,,,,,,,http://www.datumbox.com/img/logo.png,,,,,,
dweet.io,dweet.io,Ridiculously simple messaging (and alerts) for the Internet of Things.,,,,,,,,,,,,,,
eriomem.net,MassiveRand TRNG Web Service,This is the experimental API documentation for <a href='http://www.massiverand.com/'>MassiveRand</a> TRNG Web Service. Serving true random numbers since December 2014!<p>Explore our <a href='../tutorials'>Tutorials</a>.</p>,terms.html,info@massiverand.com,,,Terms of Use,terms.html,,http://www.massiverand.com/wp-content/uploads/2014/01/logo.png,,,,,,
exavault.com,ExaVault,ExaVault's API allows you to incorporate ExaVault's suite of file transfer and user management tools into your own application.,,,,,,,,https://www.exavault.com/exavault-images/110xNxlogo220x40.png.pagespeed.ic.N1chK3UTV9.png,,,,,,
figure.nz,Figure.NZ API,"This API allows you to retrieve and use the published data available on [figure.nz](http://figure.nz). This is an early preview release, and is free to use.",http://figure.nz/learn-about-us/our-terms,,,api@figure.nz,,,,https://figure.nz/cdn/img/figurenz-logo.2a990688ae0f.png,,,,,Where the main API documentation is made available.,https://figure.nz/api/
firebrowse.org,FireBrowse Beta API,A simple and elegant way to explore cancer data,,,,,,,,http://firebrowse.org/img/beta_smaller.png,,,,,,
funshouts.com,FunShoutsAPI,FunShouts allows you to leave a simple voice mail message (a 'shout') by calling the hotline.,,,,,,,,http://www.funshouts.com/images/FunShoutsWebLogo.jpg,,http://api.funshouts.com/,,,,http://api.funshouts.com/
gavagai.se,Gavagai,Let us do the job and read your documents for you. We will bring you executive summaries and tonality scoring.,,,,,,,,https://developer.gavagai.se/images/gavagai-logo.png,,,,,,https://developer.gavagai.se/docs
geneea.com,Geneea Natural Language Processing,"<div class=""api-description"">
    <h2>Authentication</h2>
    <p>For all calls, supply your API key. <a href=""https://geneea.3scale.net/"">Sign up to <em>obtain the key</em></a>.</p>
    <p>
        Our API supports both <em>unencrypted (HTTP)</em> and <em>encrypted (HTTPS)</em> protocols.
        However, for security reasons, we strongly encourage using only the encrypted version.
    </p>
    <p>The API key should be supplied as either a request parameter <code>user_key</code> or in <code>Authorization</code> header.</p>
    <pre><code>Authorization: user_key &lt;YOUR_API_KEY&gt;</code></pre>

    <h2>API operations</h2>
    <p>
        All API operations can perform analysis on supplied raw text or on text extracted from a given URL.
        Optionally, one can supply additional information which can make the result more precise. An example
        of such information would be the language of text or a particular text extractor for URL resources.
    </p>
    <p>The supported types of analyses are:</p>
    <ul>
        <li><strong>lemmatization</strong> &longrightarrow;
            Finds out lemmata (basic forms) of all the words in the document.
        </li>
        <li><strong>correction</strong> &longrightarrow;
            Performs correction (diacritization) on all the words in the document.
        </li>
        <li><strong>topic detection</strong> &longrightarrow;
            Determines a topic of the document, e.g. finance or sports.
        </li>
        <li><strong>sentiment analysis</strong> &longrightarrow;
            Determines a sentiment of the document, i.e. how positive or negative the document is.
        </li>
        <li><strong>named entity recognition</strong> &longrightarrow;
            Finds named entities (like person, location, date etc.) mentioned the the document.
        </li>
    </ul>

    <h2>Encoding</h2>
    <p>The supplied text is expected to be in UTF-8 encoding, this is especially important for non-english texts.</p>

    <h2>Returned values</h2>
    <p>The API calls always return objects in serialized JSON format in UTF-8 encoding.</p>
    <p>
        If any error occurs, the HTTP response code will be in the range <code>4xx</code> (client-side error) or
        <code>5xx</code> (server-side error). In this situation, the body of the response will contain information
        about the error in JSON format, with <code>exception</code> and <code>message</code> values.
    </p>

    <h2>URL limitations</h2>
    <p>
        All the requests are semantically <code>GET</code>. However, for longer texts, you may run into issues
        with URL length limit. Therefore, it's possible to always issue a <code>POST</code> request with all
        the parameters encoded as a JSON in the request body.
    </p>
    <p>Example:</p>
    <pre><code>
        POST /s1/sentiment
        Content-Type: application/json

        {""text"":""There is no harm in being sometimes wrong - especially if one is promptly found out.""}
    </code></pre>
    <p>This is equivalent to <code>GET /s1/sentiment?text=There%20is%20no%20harm...</code></p>

    <h2>Request limitations</h2>
    <p>
        The API has other limitations concerning the size of the HTTP requests. The maximal allowed size of any
        POST request body is <em>512 KiB</em>. For request with a URL resource, the maximal allowed number of
        extracted characters from each such resource is <em>100,000</em>.
    </p>

    <h2>More information</h2>
    <p>
        <a href=""https://geneea.atlassian.net/wiki/display/IPD/The+Interpretor+API+Public+Documentation"" target=""_blank"">
        The Interpretor Public Documentation
        </a>
    </p>
</div>
",,,,,,,,http://www.geneea.com/wp-content/uploads/2015/05/vrstva-8.png,,,,,,
geodesystems.com,RAMADDA,"Search for data in lots of places - manage your documents, photos and critical business knowledge - communicate and coordinate with blogs, interactive wikis, and data integration dashboards.",,,,,,,,http://geodesystems.com/repository/images/geodesystems.png,,,,,,
gettyimages.com,Getty Images,Build applications using the world's most powerful imagery,,,,,,,,http://www.gettyimages.com/landing/assets/unisporkal_engine/images/getty-logo-1816218381653e0c1ea3a09df6a70b97.svg#black,,,,,,
glugbot.com,Glugbot API,Text Processing API for Creative Writing,http://glugbot.com/terms,,,ayush@glugbot.com,http://glugbot.com/license,http://glugbot.com/license,,,,,,,,
googleapis.com:adexchangebuyer,Ad Exchange Buyer API,"Accesses your bidding-account information, submits creatives for validation, finds available direct deals, and retrieves performance reports.",,Google,https://google.com,,,,,https://www.doubleclickbygoogle.com/static/core/img/doubleclick-google-logo-wide.svg,,https://console.developers.google.com,,,,https://developers.google.com/ad-exchange/buyer-rest
googleapis.com:adexchangeseller,Ad Exchange Seller API,Gives Ad Exchange seller users access to their inventory and the ability to generate reports,,Google,https://google.com,,,,,https://www.doubleclickbygoogle.com/static/core/img/doubleclick-google-logo-wide.svg,,https://console.developers.google.com,,,,https://developers.google.com/ad-exchange/seller-rest/
googleapis.com:admin,Admin Reports API,"Allows the administrators of Google Apps customers to fetch reports about the usage, collaboration, security and risk for their users.",,Google,https://google.com,,,,,https://www.google.com/images/branding/googlelogo/2x/googlelogo_color_272x92dp.png,,https://console.developers.google.com,,,,https://developers.google.com/admin-sdk/reports/
googleapis.com:adsense,AdSense Management API,Gives AdSense publishers access to their inventory and the ability to generate reports,,Google,https://google.com,,,,,https://www.google.com/images/branding/googlelogo/2x/googlelogo_color_272x92dp.png,,https://console.developers.google.com,,,,https://developers.google.com/adsense/management/
googleapis.com:adsensehost,AdSense Host API,"Gives AdSense Hosts access to report generation, ad code generation, and publisher management capabilities.",,Google,https://google.com,,,,,https://www.google.com/images/branding/googlelogo/2x/googlelogo_color_272x92dp.png,,https://console.developers.google.com,,,,https://developers.google.com/adsense/host/
googleapis.com:analytics,Google Analytics API,View and manage your Google Analytics data,,Google,https://google.com,,,,,https://www.gstatic.com/images/icons/material/product/2x/analytics_64dp.png,,https://console.developers.google.com,,,,https://developers.google.com/analytics/
googleapis.com:androidenterprise,Google Play EMM API,Allows MDMs/EMMs and enterprises to manage the deployment of apps to Android for Work users.,,Google,https://google.com,,,,,https://www.gstatic.com/android/market_images/web/play_logo_x2.png,,https://console.developers.google.com,,,,https://developers.google.com/play/enterprise
googleapis.com:androidpublisher,Google Play Developer API,Lets Android application developers access their Google Play accounts.,,Google,https://google.com,,,,,https://www.gstatic.com/android/market_images/web/play_logo_x2.png,,https://console.developers.google.com,,,,https://developers.google.com/android-publisher
googleapis.com:appsactivity,Google Apps Activity API,Provides a historical view of activity.,,Google,https://google.com,,,,,https://www.google.com/images/branding/googlelogo/2x/googlelogo_color_272x92dp.png,,https://console.developers.google.com,,,,https://developers.google.com/google-apps/activity/
googleapis.com:appstate,Google App State API,The Google App State API.,,Google,https://google.com,,,,,https://www.google.com/images/branding/googlelogo/2x/googlelogo_color_272x92dp.png,,https://console.developers.google.com,,,,https://developers.google.com/games/services/web/api/states
googleapis.com:autoscaler,Google Compute Engine Autoscaler API,The Google Compute Engine Autoscaler API provides autoscaling for groups of Cloud VMs.,,Google,https://google.com,,,,,https://www.google.com/images/branding/googlelogo/2x/googlelogo_color_272x92dp.png,,https://console.developers.google.com,,,,http://developers.google.com/compute/docs/autoscaler
googleapis.com:bigquery,BigQuery API,"A data platform for customers to create, manage, share and query data.",,Google,https://google.com,,,,,https://cloud.google.com/_static/images/new-gcp-logo.png,,https://console.developers.google.com,,,,https://cloud.google.com/bigquery/
googleapis.com:blogger,Blogger API,API for access to the data within Blogger.,,Google,https://google.com,,,,,https://www.gstatic.com/images/icons/material/product/2x/blogger_64dp.png,,https://console.developers.google.com,,,,https://developers.google.com/blogger/docs/3.0/getting_started
googleapis.com:books,Books API,Lets you search for books and manage your Google Books library.,,Google,https://google.com,,,,,https://www.google.com/intl/en/images/logos/books_logo_lg.png,,https://console.developers.google.com,,,,https://developers.google.com/books/docs/v1/getting_started
googleapis.com:calendar,Calendar API,Lets you manipulate events and other calendar data.,,Google,https://google.com,,,,,https://www.gstatic.com/images/icons/material/product/2x/calendar_64dp.png,,https://console.developers.google.com,,,,https://developers.google.com/google-apps/calendar/firstapp
googleapis.com:civicinfo,Google Civic Information API,An API for accessing civic information.,,Google,https://google.com,,,,,https://www.google.com/images/branding/googlelogo/2x/googlelogo_color_272x92dp.png,,https://console.developers.google.com,,,,https://developers.google.com/civic-information
googleapis.com:classroom,Google Classroom API,Google Classroom API,,Google,https://google.com,,,,,https://www.google.com/images/branding/googlelogo/2x/googlelogo_color_272x92dp.png,,https://console.developers.google.com,,,,https://developers.google.com/classroom/
googleapis.com:clouddebugger,Google Cloud Debugger API,Lets you examine the stack and variables of your running application without stopping or slowing it down.,,Google,https://google.com,,,,,https://cloud.google.com/_static/images/new-gcp-logo.png,,https://console.developers.google.com,,,,https://cloud.google.com/tools/cloud-debugger
googleapis.com:cloudmonitoring,Cloud Monitoring API,API for accessing Google Cloud and API monitoring data.,,Google,https://google.com,,,,,https://cloud.google.com/_static/images/new-gcp-logo.png,,https://console.developers.google.com,,,,https://cloud.google.com/monitoring/v2beta2/
googleapis.com:cloudresourcemanager,Google Cloud Resource Manager API,"The Google Cloud Resource Manager API provides methods for creating, reading, and updating of project metadata.",,Google,https://google.com,,,,,https://cloud.google.com/_static/images/new-gcp-logo.png,,https://console.developers.google.com,,,,https://cloud.google.com/resource-manager
googleapis.com:cloudtrace,Google Cloud Trace API,The Google Cloud Trace API provides services for reading and writing runtime trace data for Cloud applications.,,Google,https://google.com,,,,,https://www.google.com/images/branding/googlelogo/2x/googlelogo_color_272x92dp.png,,https://console.developers.google.com,,,,https://cloud.google.com/tools/cloud-trace
googleapis.com:clouduseraccounts,Cloud User Accounts API,API for the Google Cloud User Accounts service.,,Google,https://google.com,,,,,https://cloud.google.com/_static/images/new-gcp-logo.png,,https://console.developers.google.com,,,,https://cloud.google.com/compute/docs/access/user-accounts/api/latest/
googleapis.com:compute,Compute Engine API,API for the Google Compute Engine service.,,Google,https://google.com,,,,,https://cloud.google.com/_static/images/new-gcp-logo.png,,https://console.developers.google.com,,,,https://developers.google.com/compute/docs/reference/latest/
googleapis.com:container,Google Container Engine API,"The Google Container Engine API is used for building and managing container based applications, powered by the open source Kubernetes technology.",,Google,https://google.com,,,,,https://cloud.google.com/_static/images/new-gcp-logo.png,,https://console.developers.google.com,,,,https://cloud.google.com/container-engine/
googleapis.com:content,Content API for Shopping,"Manage product items, inventory, and Merchant Center accounts for Google Shopping.",,Google,https://google.com,,,,,https://cloud.google.com/_static/images/new-gcp-logo.png,,https://console.developers.google.com,,,,https://developers.google.com/shopping-content
googleapis.com:coordinate,Google Maps Coordinate API,Lets you view and manage jobs in a Coordinate team.,,Google,https://google.com,,,,,https://www.google.com/images/branding/googlelogo/2x/googlelogo_color_272x92dp.png,,https://console.developers.google.com,,,,https://developers.google.com/coordinate/
googleapis.com:customsearch,CustomSearch API,Lets you search over a website or collection of websites,,Google,https://google.com,,,,,https://www.google.com/images/branding/googlelogo/2x/googlelogo_color_272x92dp.png,,https://console.developers.google.com,,,,https://developers.google.com/custom-search/v1/using_rest
googleapis.com:dataflow,Google Dataflow API,Google Dataflow API.,,Google,https://google.com,,,,,https://www.google.com/images/branding/googlelogo/2x/googlelogo_color_272x92dp.png,,https://console.developers.google.com,,,,https://cloud.google.com/dataflow
googleapis.com:datastore,Google Cloud Datastore API,API for accessing Google Cloud Datastore.,,Google,https://google.com,,,,,https://cloud.google.com/_static/images/new-gcp-logo.png,,https://console.developers.google.com,,,,https://developers.google.com/datastore/
googleapis.com:dfareporting,DCM/DFA Reporting And Trafficking API,Manage your DoubleClick Campaign Manager ad campaigns and reports.,,Google,https://google.com,,,,,https://www.google.com/images/branding/googlelogo/2x/googlelogo_color_272x92dp.png,,https://console.developers.google.com,,,,https://developers.google.com/doubleclick-advertisers/reporting/
googleapis.com:discovery,APIs Discovery Service,"Lets you discover information about other Google APIs, such as what APIs are available, the resource and method details for each API.",,Google,https://google.com,,,,,https://www.google.com/images/branding/googlelogo/2x/googlelogo_color_272x92dp.png,,https://console.developers.google.com,,,,https://developers.google.com/discovery/
googleapis.com:dns,Google Cloud DNS API,The Google Cloud DNS API provides services for configuring and serving authoritative DNS records.,,Google,https://google.com,,,,,https://cloud.google.com/_static/images/new-gcp-logo.png,,https://console.developers.google.com,,,,https://developers.google.com/cloud-dns
googleapis.com:doubleclickbidmanager,DoubleClick Bid Manager API,API for viewing and managing your reports in DoubleClick Bid Manager.,,Google,https://google.com,,,,,https://www.doubleclickbygoogle.com/static/core/img/doubleclick-google-logo-wide.svg,,https://console.developers.google.com,,,,https://developers.google.com/bid-manager/
googleapis.com:doubleclicksearch,DoubleClick Search API,"Report and modify your advertising data in DoubleClick Search (for example, campaigns, ad groups, keywords, and conversions).",,Google,https://google.com,,,,,https://www.doubleclickbygoogle.com/static/core/img/doubleclick-google-logo-wide.svg,,https://console.developers.google.com,,,,https://developers.google.com/doubleclick-search/
googleapis.com:drive,Drive API,The API to interact with Drive.,,Google,https://google.com,,,,,https://www.gstatic.com/images/icons/material/product/2x/drive_32dp.png,,https://console.developers.google.com,,,,https://developers.google.com/drive/
googleapis.com:fitness,Fitness,Google Fit API,,Google,https://google.com,,,,,https://www.google.com/images/branding/googlelogo/2x/googlelogo_color_272x92dp.png,,https://console.developers.google.com,,,,https://developers.google.com/fit/rest/
googleapis.com:freebase,Freebase Search,Find Freebase entities using textual queries and other constraints.,,Google,https://google.com,,,,,https://www.google.com/images/branding/googlelogo/2x/googlelogo_color_272x92dp.png,,https://console.developers.google.com,,,,https://developers.google.com/freebase/
googleapis.com:fusiontables,Fusion Tables API,API for working with Fusion Tables data.,,Google,https://google.com,,,,,https://www.google.com/images/branding/googlelogo/2x/googlelogo_color_272x92dp.png,,https://console.developers.google.com,,,,https://developers.google.com/fusiontables
googleapis.com:games,Google Play Game Services API,The API for Google Play Game Services.,,Google,https://google.com,,,,,https://www.gstatic.com/images/icons/material/product/2x/play_games_64dp.png,,https://console.developers.google.com,,,,https://developers.google.com/games/services/
googleapis.com:gamesConfiguration,Google Play Game Services Publishing API,The Publishing API for Google Play Game Services.,,Google,https://google.com,,,,,https://www.gstatic.com/images/icons/material/product/2x/play_games_64dp.png,,https://console.developers.google.com,,,,https://developers.google.com/games/services
googleapis.com:gamesManagement,Google Play Game Services Management API,The Management API for Google Play Game Services.,,Google,https://google.com,,,,,https://www.gstatic.com/images/icons/material/product/2x/play_games_64dp.png,,https://console.developers.google.com,,,,https://developers.google.com/games/services
googleapis.com:gan,Google Affiliate Network API,Lets you have programmatic access to your Google Affiliate Network data.,,Google,https://google.com,,,,,https://www.google.com/images/branding/googlelogo/2x/googlelogo_color_272x92dp.png,,https://console.developers.google.com,,,,https://developers.google.com/affiliate-network/
googleapis.com:genomics,Genomics API,Provides access to Genomics data.,,Google,https://google.com,,,,,https://www.google.com/images/branding/googlelogo/2x/googlelogo_color_272x92dp.png,,https://console.developers.google.com,,,,https://developers.google.com/genomics/v1beta2/reference
googleapis.com:gmail,Gmail API,The Gmail REST API.,,Google,https://google.com,,,,,https://www.gstatic.com/images/icons/material/product/2x/gmail_64dp.png,,https://console.developers.google.com,,,,https://developers.google.com/gmail/api/
googleapis.com:groupsmigration,Groups Migration API,Groups Migration Api.,,Google,https://google.com,,,,,https://www.google.com/images/branding/googlelogo/2x/googlelogo_color_272x92dp.png,,https://console.developers.google.com,,,,https://developers.google.com/google-apps/groups-migration/
googleapis.com:groupssettings,Groups Settings API,Lets you manage permission levels and related settings of a group.,,Google,https://google.com,,,,,https://www.google.com/images/branding/googlelogo/2x/googlelogo_color_272x92dp.png,,https://console.developers.google.com,,,,https://developers.google.com/google-apps/groups-settings/get_started
googleapis.com:identitytoolkit,Google Identity Toolkit API,Help the third party sites to implement federated login.,,Google,https://google.com,,,,,https://www.google.com/images/branding/googlelogo/2x/googlelogo_color_272x92dp.png,,https://console.developers.google.com,,,,https://developers.google.com/identity-toolkit/v3/
googleapis.com:licensing,Enterprise License Manager API,Licensing API to view and manage license for your domain.,,Google,https://google.com,,,,,https://www.google.com/images/branding/googlelogo/2x/googlelogo_color_272x92dp.png,,https://console.developers.google.com,,,,https://developers.google.com/google-apps/licensing/
googleapis.com:logging,Google Cloud Logging API,"The Google Cloud Logging API lets you write log entries and manage your logs, log sinks and logs-based metrics.",,Google,https://google.com,,,,,https://cloud.google.com/_static/images/new-gcp-logo.png,,https://console.developers.google.com,,,,https://cloud.google.com/logging/docs/
googleapis.com:manager,Deployment Manager API,"The Deployment Manager API allows users to declaratively configure, deploy and run complex solutions on the Google Cloud Platform.",,Google,https://google.com,,,,,https://www.google.com/images/branding/googlelogo/2x/googlelogo_color_272x92dp.png,,https://console.developers.google.com,,,,https://developers.google.com/deployment-manager/
googleapis.com:mirror,Google Mirror API,API for interacting with Glass users via the timeline.,,Google,https://google.com,,,,,https://www.google.com/images/branding/googlelogo/2x/googlelogo_color_272x92dp.png,,https://console.developers.google.com,,,,https://developers.google.com/glass
googleapis.com:oauth2,Google OAuth2 API,Lets you access OAuth2 protocol related APIs.,,Google,https://google.com,,,,,https://www.google.com/images/branding/googlelogo/2x/googlelogo_color_272x92dp.png,,https://console.developers.google.com,,,,https://developers.google.com/accounts/docs/OAuth2
googleapis.com:pagespeedonline,PageSpeed Insights API,Lets you analyze the performance of a web page and get tailored suggestions to make that page faster.,,Google,https://google.com,,,,,https://www.google.com/images/branding/googlelogo/2x/googlelogo_color_272x92dp.png,,https://console.developers.google.com,,,,https://developers.google.com/speed/docs/insights/v2/getting-started
googleapis.com:partners,Google Partners API,"Lets advertisers search certified companies and create contact leads with them, and also audits the usage of clients.",,Google,https://google.com,,,,,https://www.google.com/images/branding/googlelogo/2x/googlelogo_color_272x92dp.png,,https://console.developers.google.com,,,,https://developers.google.com/partners/
googleapis.com:playmoviespartner,Google Play Movies Partner API,Lets Google Play Movies Partners get the delivery status of their titles.,,Google,https://google.com,,,,,https://www.google.com/images/branding/googlelogo/2x/googlelogo_color_272x92dp.png,,https://console.developers.google.com,,,,https://developers.google.com/playmoviespartner/
googleapis.com:plus,Google+ API,The Google+ API enables developers to build on top of the Google+ platform.,,Google,https://google.com,,,,,https://developers.google.com/+/images/branding/g+128.png,,https://console.developers.google.com,,,,https://developers.google.com/+/api/
googleapis.com:plusDomains,Google+ Domains API,The Google+ API enables developers to build on top of the Google+ platform.,,Google,https://google.com,,,,,https://developers.google.com/+/images/branding/g+128.png,,https://console.developers.google.com,,,,https://developers.google.com/+/domains/
googleapis.com:prediction,Prediction API,Lets you access a cloud hosted machine learning service that makes it easy to build smart apps,,Google,https://google.com,,,,,https://www.google.com/images/icons/feature/predictionapi-64.png,,https://console.developers.google.com,,,,https://developers.google.com/prediction/docs/developer-guide
googleapis.com:qpxExpress,QPX Express API,Lets you find the least expensive flights between an origin and a destination.,,Google,https://google.com,,,,,https://www.google.com/images/branding/googlelogo/2x/googlelogo_color_272x92dp.png,,https://console.developers.google.com,,,,http://developers.google.com/qpx-express
googleapis.com:replicapool,Google Compute Engine Instance Group Manager API,The Google Compute Engine Instance Group Manager API provides groups of homogenous Compute Engine Instances.,,Google,https://google.com,,,,,https://www.google.com/images/branding/googlelogo/2x/googlelogo_color_272x92dp.png,,https://console.developers.google.com,,,,https://developers.google.com/compute/docs/instance-groups/manager/v1beta2
googleapis.com:replicapoolupdater,Google Compute Engine Instance Group Updater API,The Google Compute Engine Instance Group Updater API provides services for updating groups of Compute Engine Instances.,,Google,https://google.com,,,,,https://www.google.com/images/branding/googlelogo/2x/googlelogo_color_272x92dp.png,,https://console.developers.google.com,,,,https://cloud.google.com/compute/docs/instance-groups/manager/#applying_rolling_updates_using_the_updater_service
googleapis.com:reseller,Enterprise Apps Reseller API,Lets you create and manage your customers and their subscriptions.,,Google,https://google.com,,,,,https://www.gstatic.com/images/icons/material/product/2x/admin_64dp.png,,https://console.developers.google.com,,,,https://developers.google.com/google-apps/reseller/
googleapis.com:resourceviews,Google Compute Engine Instance Groups API,The Resource View API allows users to create and manage logical sets of Google Compute Engine instances.,,Google,https://google.com,,,,,https://www.google.com/images/branding/googlelogo/2x/googlelogo_color_272x92dp.png,,https://console.developers.google.com,,,,https://developers.google.com/compute/
googleapis.com:script,Google Apps Script Execution API,An API for executing Google Apps Script projects.,,Google,https://google.com,,,,,https://www.gstatic.com/images/icons/material/product/2x/apps_script_64dp.png,,https://console.developers.google.com,,,,https://developers.google.com/apps-script/execution/rest/v1/run
googleapis.com:siteVerification,Google Site Verification API,Lets you programatically verify ownership of websites or domains with Google.,,Google,https://google.com,,,,,https://www.google.com/images/branding/googlelogo/2x/googlelogo_color_272x92dp.png,,https://console.developers.google.com,,,,https://developers.google.com/site-verification/
googleapis.com:spectrum,Google Spectrum Database API,API for spectrum-management functions.,,Google,https://google.com,,,,,https://www.google.com/images/branding/googlelogo/2x/googlelogo_color_272x92dp.png,,https://console.developers.google.com,,,,http://developers.google.com/spectrum
googleapis.com:sqladmin,Cloud SQL Administration API,API for Cloud SQL database instance management.,,Google,https://google.com,,,,,https://cloud.google.com/_static/images/new-gcp-logo.png,,https://console.developers.google.com,,,,https://cloud.google.com/sql/docs/reference/latest
googleapis.com:storage,Cloud Storage JSON API,"Lets you store and retrieve potentially-large, immutable data objects.",,Google,https://google.com,,,,,https://cloud.google.com/storage/images/cloud-storage-logo.png,,https://console.developers.google.com,,,,https://developers.google.com/storage/docs/json_api/
googleapis.com:tagmanager,Tag Manager API,API for accessing Tag Manager accounts and containers.,,Google,https://google.com,,,,,https://www.google.com/images/branding/googlelogo/2x/googlelogo_color_272x92dp.png,,https://console.developers.google.com,,,,https://developers.google.com/tag-manager/api/v1/
googleapis.com:taskqueue,TaskQueue API,Lets you access a Google App Engine Pull Task Queue over REST.,,Google,https://google.com,,,,,https://www.google.com/images/branding/googlelogo/2x/googlelogo_color_272x92dp.png,,https://console.developers.google.com,,,,https://developers.google.com/appengine/docs/python/taskqueue/rest
googleapis.com:tasks,Tasks API,Lets you manage your tasks and task lists.,,Google,https://google.com,,,,,https://www.google.com/images/branding/googlelogo/2x/googlelogo_color_272x92dp.png,,https://console.developers.google.com,,,,https://developers.google.com/google-apps/tasks/firstapp
googleapis.com:translate,Translate API,Lets you translate text from one language to another,,Google,https://google.com,,,,,https://cloud.google.com/_static/images/new-gcp-logo.png,,https://console.developers.google.com,,,,https://developers.google.com/translate/v2/using_rest
googleapis.com:urlshortener,URL Shortener API,"Lets you create, inspect, and manage goo.gl short URLs",,Google,https://google.com,,,,,https://www.google.com/images/branding/googlelogo/2x/googlelogo_color_272x92dp.png,,https://console.developers.google.com,,,,https://developers.google.com/url-shortener/v1/getting_started
googleapis.com:webfonts,Google Fonts Developer API,The Google Fonts Developer API.,,Google,https://google.com,,,,,https://www.google.com/images/branding/googlelogo/2x/googlelogo_color_272x92dp.png,,https://console.developers.google.com,,,,https://developers.google.com/fonts/docs/developer_api
googleapis.com:webmasters,Webmaster Tools API,Lets you view Google Webmaster Tools data for your verified sites.,,Google,https://google.com,,,,,https://www.google.com/images/branding/googlelogo/2x/googlelogo_color_272x92dp.png,,https://console.developers.google.com,,,,https://developers.google.com/webmaster-tools/
googleapis.com:youtube,YouTube Data API,Programmatic access to YouTube features.,,Google,https://google.com,,,,,https://www.youtube.com/yt/brand/media/image/YouTube-logo-full_color.png,,https://console.developers.google.com,,,,https://developers.google.com/youtube/v3
googleapis.com:youtubeAnalytics,YouTube Analytics API,Retrieve your YouTube Analytics reports.,,Google,https://google.com,,,,,https://www.youtube.com/yt/brand/media/image/YouTube-logo-full_color.png,,https://console.developers.google.com,,,,http://developers.google.com/youtube/analytics/
gsa.gov,Discovery Market Research API,"<p>This API drives the <a href=""https://discovery.gsa.gov"">Discovery Market Research Tool</a>.
It contains information on the vendors that are part of the OASIS and OASIS Small Business contracting vehicles, such as their contracting history, their elligibility for contract awards, and their small business designations.
To learn more about the tool, please visit <a href=""https://discovery.gsa.gov"">Discovery</a> or see the README on our <a href=""https://github.com/18F/mirage"">GitHub repository</a>.</p>
<p><strong>Please note that the base path for this API is <code>https://api.data.gov/gsa/discovery/</code></strong></p>
<p>It requires an API key, obtainable at <a href=""http://api.data.gov/"">api.data.gov</a>.
It must be passed in the <code>api_key</code> parameter with each request.</p>",,,,discovery-18f@gsa.gov,,,,http://www.gsa.gov/resources/images/GSAlogo.gif,,,,,,
hetras-certification.net:booking,hetras booking API v0,,,,,,,,,https://hetras.zendesk.com/hc/logo,,,,,,
hetras-certification.net:hotel,hetras hotel API v0,,,,,,,,,https://hetras.zendesk.com/hc/logo,,,,,,
hhs.gov,HHS Media Services API,"
<div class=""swagger-ui-wrap extraFooter""><h3>Common Features / Behaviors</h3>
    <div class=""features"">
        <ul>
            <li><strong>* ""sort"" param:</strong> supports multi column sorting through the use of commas as delimiters, and a hyphen to denote descending order.
                <br/>
                <strong><span>Examples:</span></strong>
                <ul>
                    <li><span class=""example"">name</span><span class=""description"">sort results by name ascending</span></li>
                    <li><span class=""example"">-name</span><span class=""description"">sort results by name descending</span></li>
                    <li><span class=""example"">-name,id</span><span class=""description"">sort results by name descending and then by id ascending</span></li>
                    <li><span class=""example"">id,-dateContentAuthored</span><span class=""description"">sort results by id ascending and then date descending</span></li>
                </ul>
            </li>
            <li><strong>Date formats:</strong> Date input format is expected to be based on <a href=""http://www.ietf.org/rfc/rfc3339.txt"">RFC 3339</a>. <br/>
                <span><strong>Example:</strong></span>
                <ul><li>2013-11-18T18:43:01Z</li></ul>
            </li>
        </ul>
    </div>
</div>
",http://www.hhs.gov/web/socialmedia/policies/tos.html#ready,,,syndication@hhs.gov,GNU GENERAL PUBLIC LICENSE,http://www.gnu.org/licenses/gpl.html,,http://www.hhs.gov/sites/all/themes/project_h/css/images/hhs_logo.png,,,,,,
iamreal.me,I Am Real,"Use I Am Real's patented technology to perform social, video, and SMS validation on your users.",,,,,,,,https://developers.iamreal.me/images/iamreal_logo.png,,,,,,
idtbeyond.com,Active Documentation for /v1,"Our active docs provide the ability to test out your account and to see the responses to your queries. The services are RESTful, and are accessed using standard HTTP methods over a secure HTTPS channel. Requests and responses are currently sent in JSON format, and have a base URL of /v1.",https://app.idtbeyond.com/terms/,,,,,,,http://www.idtbeyond.com/images/logo.png,,,,,,
import.io,API Documentation,"## Introduction

The import.io API is a [REST](http://en.wikipedia.org/wiki/Representational_state_transfer)ful API. It is designed as much as possible to have resource-oriented URLs and to use HTTP status codes to indicate API status.

We use standard HTTP which can be understood by any HTTP client, and we support [CORS](http://enable-cors.org/) to allow you to interact with our API from a client-side web application. Remember, you should never expose your secret API key in any public client-side code.

JSON is always returned from the API, including errors.

import.io uses conventional HTTP response codes to indicate success or failure of an API request. In general, codes in the 2xx range indicate success, codes in the 4xx range indicate an error that resulted from the provided information (e.g. a required parameter was missing), and codes in the 5xx range indicate an error with our servers.

All API requests *should* be made over HTTPS to `https://api.import.io/`



## API Authentication

You authenticate to the import.io API by providing your API key as URL query string parameter `_apikey`. You can manage your API key from [your account](https://import.io/data/account/). In the My Settings page, the API in not URL encoded. To prevent a Base64 error, make sure to use a URI encode function for your query. You can also get an encoded API Key from the GET API or POST API tab in the application. Your API key allows unrestricted privileges your account, so keep it secret!

When you are logged in, *submit your password in this page header* to see the API key in the API explorer below.

## Quick Start

### Basic concepts

* import.io lets you publish dynamic APIs and Data Sets to its platform (object class `Connector`).
  * To disambiguate between dynamic API created on the platform, and static APIs such as this, we use the term `Connector` within the import.io APIs to refer to a API or Data Set published to import.io.
  * Extractors, Crawlers and Data Sets are just specializations of Connector.
* You can create these via UI tooling, or by using the APIs detailed here.
* The dynamic API definition for a Connector is versioned (object class `ConnectorVersion`); querying a connector by default queries the most recent version, whose id can be found on the `Connector` object (`latestVersionGuid`).
* Each `ConnectorVersion` has a schema (object class `Schema`) defining its input and output properties.
* All objects are accessible via the REST API.
* The output properties are returned with the query data.
  * Extra meta-data may be passed back depending on a output property [type](#data-types). 
  * All fields _may_ be multi-valued (i.e. arrays).

### Convert a URL into data

You can use import.io magic to convert a URL into data tables over our API instantly.

[Try it yourself!](?magic#!/Magic_Methods/magic)

### Query a custom API

Create an API in the UI, do a query.

[Try it yourself!](?query#!/Query_Methods/queryGet)

## Data Types

For most output property types we also return `myvar/_source` with the original textual data. 

| Type  |  Returns |  Notes | 
| ---   |  ---     |  ---   |
|   `STRING` | myvar  |  We normalize whitespace from text, and don't return empty strings | 
|  `CURRENCY` |  myvar, myvar/_currency, myvar/_source |  The ISO currency code is returned as `myvar/_currency`, the numeric value in `myvar` |  
|  `INT` |  myvar, myvar/_source | 64 bit integer (`long`) | 
|  `DOUBLE` |  myvar, myvar/_source |  64 bit float | 
|  `LANG` |  myvar, myvar/_source |  3 letter ISO code | 
|  `COUNTRY` |  myvar, myvar/_source |  3 letter ISO code | 
|  `BOOLEAN` |  myvar, myvar/_source |  true if 1, yes, on, active, true, y | 
|  `URL` |  myvar, myvar/_text, myvar/_title, myvar/_source |  `myvar/_text` is the normalized text content of the anchor | 
|  `IMAGE` |  myvar,  myvar/_alt, myvar/_title, myvar/_source |   | 
|  `HTML` |  myvar | Raw HTML as well-formed XML  | 
|  `MAP` |  myvar |  JSON compatible map | ",,,,,,,,https://d3sgt82prjfpwv.cloudfront.net/website2/271/img/import-logo-new-carmine.svg,,,,,,http://api.docs.import.io/
inboxroute.com,Mailsquad API,"MailSquad offers an affordable and super easy way to create, send and track delightful emails.",,,https://mailsquad.com,support@mailsquad.com,,,https://mailsquad.com,https://mailsquad.com/img/mailsquad-color.svg,,,,,,
infermedica.com,Infermedica API,Empower your healthcare services with intelligent diagnostic insights of Infermedica API.,,,,,,,,https://developer.infermedica.com/images/sprites/infermedica-logo.png,,,,,,
jirafe.com,Jirafe Events API,API endpoins for sending Jirafe events,https://jirafe.com/policies/terms/,,,support@jirafe.com,,,,https://jirafe.com/assets/img/logo_white.svg,,,,,,https://docs.jirafe.com/api/
labs64.com,Labs64 NetLicensing RESTful API,The Labs64 <a href='https://www.labs64.de/confluence/x/pwCo' target='_blank'>NetLicensing API</a> is a RESTful API and gives you access to NetLicensingâ€™s core features.<br/><br/><strong>Authentication</strong><br/>You authenticate to the NetLicensing API by providing your account credentials or simply use our demo account - <code>demo:demo</code><br/><br/>Find out more about Labs64 NetLicensing at <a href='http://netlicensing.io' target='_blank'>netlicensing.io</a>,https://www.labs64.com/legal/terms-of-service/netlicensing,,,,,,,http://draft-labs64.rhcloud.com/content/uploads/2015/06/labs64-logo.png,,,,,,
learnifier.com,Learnifier API,,,,,,,,,http://media.learnifier.com/2014/04/Learnifier-3201.png,,,,,,http://learnifier.com/api/
likefolio.com,Likefolio Api Endpoints,Create a session to start to use it,,,,,,,,http://d9hhrg4mnvzow.cloudfront.net/try.likefolio.com/home/065bd30c-likefolio_07b04u07b04u000000.png,,,,,,
loginbycall.com,LoginByCall,The LoginByCall API allows authentification on WordPress using your cell phone. The service is free of charge!,,,,,,,,https://loginbycall.com/assets/logo-3-4f108de71b80dbe15912d6adbfcaa69a.png,,,,,,
magick.nu,API Documentation,"Authentication is required to access all methods of the API. Enter username and password.
                Credentials are automatically set as you type.",,,,,,,,https://www.tradeworks.io/wp-content/uploads/2015/06/logo.png,,,,,,
mondiamedia.com,Queen API,"<p>This is the API for building Mondia-Media-Products, like Tops.</p><p>Every call need a valid client or user-token.</p><p><ol><li>Client-Token can be get at our Police-API</li><li>User-Token can be get through a login on a customer specific Life-Cycle-Service</li><li>UseCases regarding Login, Register, Subscribe (incl. Payment) will be done by the Life-Cycle-Service</li></ol></p>",,,,Research.and.Development.Music@mondiamedia.com,,,,https://queen.mondiamedia.com/swagger/swaggerui/images/mm_developer_schwarz.png,,,,,,
moonmoonmoonmoon.com,Moon by Ai Weiwei & Olafur Eliasson,"Turn nothing into something â€“ make a drawing, make a mark.",,,,,,,,http://moonmoonmoonmoon.com/logo.png,,,,,,
motaword.com,MotaWord API,Use MotaWord API to post and track your translation projects.,,,,,,,,https://dentycj2qhk72.cloudfront.net/new/images/new_logo_horizontal.png,,https://www.motaword.com/developer/register,,,,https://www.motaword.com/developer
mybluemix.net,IBM X-Force Exchange API Documentation,"<div style='border: 1px solid; padding: 1em; background: #fafafa; margin-bottom: 1em;'><strong>Changes are coming:</strong> Anonymous Token Functionality will be deprecated in the near future. You will need to generate an API key/password to execute API requests.</div>Before you start, check out the <a href=""http://securityintelligence.com/a-gentle-introduction-to-the-x-force-exchange-api/#.Va5HhHUVhBc"">Gentle Introduction to the X-Force Exchange API</a>.<br /><br />X-Force Exchange (XFE) performs authentication via key and password, analogous to the concept of a username/password for other systems. Copy and paste your API key and password in the header fields above to try out all the endpoints interactively here. You can also use your key/password to use the XFE API from other http clients.<br /><br />You can generate an API key and password in your XFE user profile. Note: It is important to save your password, as it is only shown when the key/password is generated. When you revisit your profile again, only the key is shown. If you forget your password, you will have to generate a new key and password, and your old key will become inactive.<br /><br />Most endpoints require the 'Accept-Language' header, including the language you would like the response in.<br /><br />Your use of the IBM X-Force Exchange is governed by the IBM Cloud Services Agreement and the accompanying Service Description. You can find a copy of the Cloud Services Agreement by clicking on <A HREF=""https://www.ibm.com/terms/"">https://www.ibm.com/terms</A>, and selecting your region, then your country, then the 'IBM Cloud Services Agreement' link. You can find a copy of the Services Description by clicking on <A href=""https://www.ibm.com/software/sla/sladb.nsf/sla/sd-6891-01"" target=""_blank"">Service Description</A>. By using these services you agree to the terms of the IBM Cloud Services Agreement and Service Description. If you do not agree with these terms, do not use the IBM X-Force Exchange",,X-Force API Support,,xfe@us.ibm.com,,,,https://www.google.com/images/branding/googlelogo/2x/googlelogo_color_272x92dp.png,,https://console.developers.google.com,,,,
nativeads.com,Native Ads Publisher API,"This is a Native Ads Publisher API it provides same functionality as Native Ads Publisher Account GUI.
",,,,,,,,https://api.nativeads.com/docs/publisher/images/nativeads-logo.png,,,,,,
neowsapp.com,NeoWs - (Near Earth Object Web Service),"A web service for near earth objects. All the data is from the  <a href=""http://neo.jpl.nasa.gov/"" target=""_blank"">NASA JPL Asteroid team</a>. 

 

NeoWs is proud to power AsteroidTracker on <a href=""https://itunes.apple.com/us/app/asteroid-tracker/id689684901?mt=8"" target=""_blank"">iOS</a> and <a href=""https://play.google.com/store/apps/details?id=com.vitruviussoftware.bunifish.asteroidtracker&feature"" target=""_blank"">Android</a> as well as related apps. 

 Get <a href=""http://apps.getpebble.com/en_US/application/55bc4913d1690c372900000f"" target=""_blank"">Asteroid Today on Pebble</a> 

Follow us on <a href=""http://n.numerousapp.com/m/289c3ktc8fi0"" target=""_blank"">Numerous</a> 

Follow us on <a href=""https://twitter.com/AsteroidTracker"" target=""_blank"">Twitter</a>",,,,,Licence Type,License URL,,,,,,,,
nrel.gov:building-case-studies,High Performance Building Database,"The Buildings Database is a shared resource for the building industry. The Database, developed by the U.S. Department of Energy and the National Renewable Energy Laboratory (NREL), is a unique central repository of in-depth information and data on high-performance, green building projects across the United States and abroad.  ",,,,,,,,http://www.nrel.gov/client/img/nrel_logo.png,,,,,,
nrel.gov:transportation-incentives-laws,Transportation Laws and Incentives,Query our database of State and Federal Laws and Incentives for Alternative Fuels,,,,,,,,http://www.nrel.gov/client/img/nrel_logo.png,,,,,,
nsidc.org,NSIDC Web Service Documentation Index,This API allows programmers to build National Snow and Ice Data Center data and metadata services into their applications.,,,,support@aoncadis.org,,,,http://nsidc.org/images/logo_nsidc_115x90.jpg,,,,,,
oceandrivers.com,ODWeather API Documentation,This is the api to access the ODWeather API information,,,,matiasbonet@oceandrivers.com,,,,http://www.oceandrivers.com/wp-content/uploads/2014/11/OceanDrivers_WEB.jpg,,,,,,
ontraport.com,ONTRAPORT API,"<p>Enter App ID and API Key above. If you don't have an API Key, <a href=""https://app.ontraport.com/#!/api_settings/listAll"">go here to get one</a>. Authentication parameters must be sent in the request header as <strong>Api-Appid</strong> and <strong>Api-Key</strong>.",http://ontraport.com/terms/,ONTRAPORT Engineering,http://support.ontraport.com/,support@ontraport.com,,,,https://ontraport.com/assets/images/ONTRAPORT_logo_150px.png,,,,,,https://ontraport.com/ontraport-api
orghunter.com,OrgHunter,Get the latest IRS data and most up to date charity information for your website or application,,,,,,,,http://orghunter.com/sites/all/themes/orghunter/img/logo.jpg,,,,,,
owler.com,Owler,"Search for information on companies using a website or company name and get access to Company Data, News, Blog Posts, Competitor Lists and much more.",,,,,,,,https://developers.owler.com/images/owler_logo.png,,,,,,
pandorabots.com,Pandorabots AIaaS,"AIaaS provides API access to our bot hosting platform and SDKs, allowing developers to easily integrate conversational interfaces into applications.",,,,,,,,,,,,,,
passwordutility.net,PasswordUtility.Web,Validate and generate passwords using open source tools,,,,,,,,,,,,,,
patientview.org,PatientView REST API,The recommended REST API endpoints to be used when integrating with PatientView,https://www.patientview.org/#/terms,,,,,,,https://www.patientview.org/images/pv-logo.png,,,,,,
peel-ci.com,Peel Tune-in API,"The machine learning service APIs utilize hashtags from Twitter to find related, trending shows, related Twitter hashtags in real time and to generate direct tune-in URLs.",,,,,,,,http://www.peel.com/sites/all/themes/peeltheme/img/peelLogo.svg,,,,,,
plenigo.com,Plenigo API Documentation,This is the API Documentation for the public plenigo server interfaces,,,,,,,,https://static.plenigo.com/assets/logo.png,,,,,,https://developer.plenigo.com/
pollencheck.eu,PollenCheck,PollenCheck provide pollen forecasts in Europe. This page show you how to use public API of PollenCheck.,,,,,,,,http://www.pollencheck.eu/public/images/ico/pofo_logo_bw2.png,,,,,,
posty-api.herokuapp.com,posty_API,"The posty_API is the core element of the posty softwarestack. It is developed to administrate a mailserver based on Postfix and Dovecot. It offers an easy REST interface which can be used in own applications or with the posty client applications, posty_CLI and posty_webUI.",,,,,,,,https://www.posty-soft.org/assets/img/logo.png,,,,,,
prd-prsn.com,OpenClass API,Access to the Pearson OpenClass API,,,,,,,,https://www.pearson.com/content/corporate/global/pearson-dot-com/en/news/logos-and-style-guides/_jcr_content/par-main/column_control/par0/column_control/par0/image.img.jpg/1414446637540.jpg,,,,,,
quixxi.com,IngressAPI,"With the Quixxi Analytics API you will be able to have a high level picture of the progress of your application, interact with your users and much more.",,,,,,,,http://quixxi.com/img/logo-dark.png,,,,,,
reactome.org,Pathway Analysis Service,Provides an API for pathway over-representation and expression analysis as well as species comparison tool,/pages/analysisservice/terms,,,help@reactome.org,Creative Commons Attribution 3.0 Unported License,http://creativecommons.org/licenses/by/3.0/legalcode,,http://www.reactome.org/wordpress/wp-content/themes/HS_OICR_2013/images/ReactomeLogo.png,,,,,,
refugerestrooms.org,Refuge Restrooms,"REFUGE is a web application that seeks to provide safe restroom access for transgender, intersex, and gender nonconforming individuals.",,,,,,,,http://www.refugerestrooms.org/assets/logo-100x100-b51b21506bb80bbcece1dd7b4c141c35.png,,,,,,
reverb.com,reverb,reverb,https://reverb.com/page/terms,Reverb API,https://dev.reverb.com,integrations@reverb.com,Apache 2.0,http://www.apache.org/licenses/LICENSE-2.0.html,,https://d1g5417jjjo7sf.cloudfront.net/assets/top-level/reverb-logo-d2c75af0b020521f0bc5e90c883a13b5.svg,,,,,,https://dev.reverb.com/
rummblelabs.com,Seldon API,Seldon is an Open Predictive Platform that currently allows item recommendations and general predictive models to be deployed based on structured historical data.,,,,,,,,http://www.seldon.io/wp-content/uploads/2014/10/Seldon-Logo-trans.png,,,,,,
scrapewebsite.email,Scrape Website Email API,ScrapeWebsiteEmail is a service that exposes an api to fetch e-mails from a website.,,,,,,,,,,,,,,
semantria.com,Semantria,"Semantria applies Text and Sentiment Analysis to tweets, facebook posts, surveys, reviews or enterprise content.",,,,,,,,https://semantria.com/marketing/img/ui/semantria-lexalytics_mainlogo.png,,,,,,https://semantria.com/support/developer/
simplyrets.com,SimplyRETS API,"The SimplyRETS API is an exciting step towards making it easier for
developers and real estate agents to build something awesome with
real estate data!

The documentation below makes live requests to our API using the
trial data. To get set up with the API using live MLS data, you
must have RETS credentials from your MLS, which you can then use to
create an app with SimplyRETS. For more information on that
process, please see our [FAQ](https://simplyrets.com/faq), [Getting
Started](https://simplyrets.com/blog/getting-set-up.html) page, or
[contact us](https://simplyrets.com/\#home-contact).

Below you'll find the API endpoints, query parameters, response bodies,
and other information about using the SimplyRETS API. You can run
queries by clicking the 'Try it Out' button at the bottom of each
section.

### Authentication
The SimplyRETS API uses Basic Authentication. When you create an
app, you'll get a set of API credentials to access your
listings. If you're trying out the test data, you can use
`simplyrets:simplyrets` for connecting to the API.

### Media Types
The SimplyRETS API uses the 'Accept' header to allow clients to
control media types (content versions). We maintain backwards
compatibility with API clients by allowing them to specify a
content version. We highly recommend setting and explicity media
type when your application reaches production. Both the structure
and content of our API response bodies is subject to change so we
can add new features while respecting the stability of applications
which have already been developed.

To always use the latest SimplyRETS content version, simply use
`application/json` in your application `Accept` header.

If you want to pin your clients media type to a specific version,
you can use the vendor-specific SimplyRETS media type, e.g.
`application/vnd.simplyrets-v0.1+json""`

To view all valid content-types for making an `OPTIONS`, make a
request to the SimplyRETS api root

`curl -XOPTIONS -u simplyrets:simplyrets https://api.simplyrets.com/`

The default media types used in our API responses may change in the
future. If you're building an application and care about the
stability of the API, be sure to request a specific media type in the
Accept header as shown in the examples below.

The wordpress plugin automatically sets the `Accept` header for the
compatible SimplyRETS media types.

### Pagination
There a few pieces of useful information about each request stored
in the HTTP Headers:

- `X-Total-Count` shows you the total amount of listings that match
  your current query.
- `Link` contains pre-built pagination links for accessing the next
'page' of listings that match your query. Read more about that
[here](https://simplyrets.com/blog/api-pagination.html).
",,,,,,,,,,,,,,
slideroom.com,SlideRoom API V2,SlideRoom provides a RESTful API for exporting data out of your organization's SlideRoom account.,,,,,,,,http://www.slideroom.com/images/sr_logo.png,,,,,,
smart-me.com,smart-me,With the smart-me REST API you get Access to all your devices in the smart-me Cloud and you can add your own devices. So it's a easy way to add the smart-me Cloud support to your Hardware or Software Product.,,,,,,,,http://smart-me.com/Images/bootstrap/logo.png,,,,,,
spectrocoin.com,SpectroCoin Merchant API,This is an API designend for merchants who are using SpectroCoin services and wishes to integrate them locally.,,,,info@spectrocoin.com,,,,https://d1ryrugmrhsb54.cloudfront.net/assets/images/logo.svg,,,,,,
spotify.com,Spotify Web API,,,,,,,,,,,,,,,https://developer.spotify.com/
statsocial.com,StatSocial Platform API,"API Reference: <br><br> The StatSocial API is organized around REST. Our API is designed to have predictable, resource-oriented URLs and to use HTTP response codes to indicate API errors. We use built-in HTTP features, like HTTP authentication and HTTP verbs, which can be understood by off-the-shelf HTTP clients, and we support cross-origin resource sharing to allow you to interact securely with our API from a client-side web application (remember that you should never expose your secret API key in any public website's client-side code). JSON will be returned in all responses from the API, including errors (though if you're using API bindings, we will convert the response to the appropriate language-specific object).<br><br>Contact help@statsocial.com to obtain a test API key",,,,,,,,,,,,,,http://docs.statsocial.com/home/
storecheckerapi.com,StoreCheckerAPI,We are an API that allows anyone to check if a site is an e-commerce store.,,,,,,,,http://www.storecheckerapi.com/images/logo.png,,,,,,
taxamo.com,Taxamo,"Taxamoâ€™s elegant suite of APIs and comprehensive reporting dashboard enables digital merchants to easily comply with EU regulatory requirements on tax calculation, evidence collection, tax return creation and data storage.",,,,,,,,https://www.taxamo.com/wp-content/uploads/LOGO-HEADER211.png,,,,,,
thetvdb.com,TheTVDB.com,"This is an early draft and targets v1 functionality with a few minor additions. The API is accessible via https://api.thetvdb.com and provides the following REST endpoints in JSON format.

How to use this API documentation
----------------

You may browse the API routes without authentication, but if you wish to send requests to the API and see response data, then you must authenticate.
1. Obtain a JWT token by `POST`ing  to the `/login` route in the `Authentication` section with your API key and credentials.
1. Paste the JWT token from the response into the ""JWT Token"" field at the top of the page and click the 'Add Token' button.

You will now be able to use the remaining routes to send requests to the API and get a response.

Language Selection
----------------

Language selection is done via the `Accept-Language` header. At the moment, you may only pass one language abbreviation in the header at a time. Valid language abbreviations can be found at the `/languages` route..

Authentication
----------------

Authentication to use the API is similar to the How-to section above. Users must `POST` to the `/login` route with their API key and credentials in order to obtain a JWT token. That token is then used in all subsequent requests by providing it in the `Authorization` header. The header will look like: `Authorization: Bearer <yourJWTtoken>`. Currently, the token expires after 1 hour. You can `GET` the `/refresh_token` route to extend that expiration date.

Versioning
----------------

You may request a different version of the API by including an `Accept` header in your request with the following format: `Accept:application/vnd.thetvdb.v$VERSION`. This documentation automatically uses the version seen at the top and bottom of the page.",,,,,,,,,,,,,,
unavco.org,tls.unavco.org,,,,,,,,,http://www.unavco.org/lib/images/banner/uv-logo.png,,,,,,
vatapi.com,VAT API,A developer friendly API to help your business achieve VAT compliance,,,,,,,,https://vatapi.com/images/logo-invoice.jpg,,,,,,
vestorly.com,Vestorly API,Vestorly Developers API,http://www.vestorly.com/terms/,Vestorly Team,,,MIT,,,http://d1sva73gxwx496.cloudfront.net/images/homepage/logo-white-92827ba4.png,,,,,Find more info here,https://developers.vestorly.com
waag.org,CitySDK Linked Data,"An API for the distribution and annotation of open data, for small cities and big metropolitan areas.",,,,,,,,http://citysdk.waag.org/images/logo.svg,,,,,,
watchful.li,watchful.li,,,,,,,,,https://d2071nnd6m4201.cloudfront.net/templates/balloon/images/logo.svg,,,,,,https://watchful.li/faqs/tools/watchful-rest-api.html
winning.email,Winning Email,"The Winning Email API allows you to access our services from your applications. Contact us if you need help with anything, or require access to something we don't yet offer. The API overview is available <a href='/api/v1/docs' target='_blank'>here</a>.",https://winning.email/terms/,,,,,,,https://winning.email/media/winning-email-logo.png,,,,,,
yunbi.com,Yunbi,Professional Cloud Trading Platform for Digital Assets,,,,,,,,https://yunbi.com/assets/site-logo-blue-en-64531f4d9dfe3078eef759113a91f428.png,,,,,,
zoomconnect.com,Zoom Connect,The world's greatest SMS API,,,,,,,,http://zoomconnect.com/assets/logo.png,,,,,,
